version,avg_p@5,avg_p@10,avg_f1@30,"avg_hm(p@5,f1@30)"
BM25 only (no PageRank),0.5066666666666667,0.4333333333333333,0.26174514942207794,0.3271331631059977
BM25 + PageRank (alpha=0.15),0.5133333333333334,0.43666666666666665,0.26174514942207794,0.3291488774504792
